capacity,traffic,retry_attempt,retry_interval,cb,enforcement_point,start,end
33,0.8,1,1ms,1,3,1677940745407,1677941045407
33,0.8,1,1ms,5,3,1677941060707,1677941360686
33,0.8,1,1ms,10,3,1677941375927,1677941675922
33,0.8,1,1ms,20,3,1677941691188,1677941991182
33,0.8,1,1ms,50,3,1677942006421,1677942306422
33,0.8,1,1ms,500,3,1677942321685,1677942621697
33,0.8,1,1ms,1000,3,1677942636978,1677942936973
33,0.8,1,5ms,1,3,1677942952485,1677943252480
33,0.8,1,5ms,5,3,1677943267734,1677943567730
33,0.8,1,5ms,10,3,1677943582998,1677943883020
33,0.8,1,5ms,20,3,1677943898284,1677944198285
33,0.8,1,5ms,50,3,1677944213557,1677944513558
33,0.8,1,5ms,500,3,1677944528819,1677944828820
33,0.8,1,5ms,1000,3,1677944844092,1677945144054
33,0.8,1,10ms,1,3,1677945159502,1677945459500
33,0.8,1,10ms,5,3,1677945474757,1677945774755
33,0.8,1,10ms,10,3,1677945789994,1677946089991
33,0.8,1,10ms,20,3,1677946105243,1677946405223
33,0.8,1,10ms,50,3,1677946420484,1677946720486
33,0.8,1,10ms,500,3,1677946735733,1677947035735
33,0.8,1,10ms,1000,3,1677947050970,1677947350971
33,0.8,1,50ms,1,3,1677947366440,1677947666490
33,0.8,1,50ms,5,3,1677947681740,1677947981745
33,0.8,1,50ms,10,3,1677947996973,1677948296978
33,0.8,1,50ms,20,3,1677948312224,1677948612238
33,0.8,1,50ms,50,3,1677948627499,1677948927512
33,0.8,1,50ms,500,3,1677948942765,1677949242772
33,0.8,1,50ms,1000,3,1677949258020,1677949558027
33,0.8,1,100ms,1,3,1677949573521,1677949873513
33,0.8,1,100ms,5,3,1677949888748,1677950188754
33,0.8,1,100ms,10,3,1677950204004,1677950504010
33,0.8,1,100ms,20,3,1677950519592,1677950819598
33,0.8,1,100ms,50,3,1677950835191,1677951135198
33,0.8,1,100ms,500,3,1677951150454,1677951450460
33,0.8,1,100ms,1000,3,1677951465708,1677951765713
33,0.8,2,1ms,1,3,1677951781156,1677952081162
33,0.8,2,1ms,5,3,1677952096413,1677952396440
33,0.8,2,1ms,10,3,1677952411704,1677952711711
33,0.8,2,1ms,20,3,1677952726963,1677953026970
33,0.8,2,1ms,50,3,1677953042233,1677953342234
33,0.8,2,1ms,500,3,1677953357481,1677953657444
33,0.8,2,1ms,1000,3,1677953672685,1677953972690
33,0.8,2,5ms,1,3,1677953988140,1677954288144
33,0.8,2,5ms,5,3,1677954303385,1677954603390
33,0.8,2,5ms,10,3,1677954618639,1677954918644
33,0.8,2,5ms,20,3,1677954933885,1677955233889
33,0.8,2,5ms,50,3,1677955249140,1677955549144
33,0.8,2,5ms,500,3,1677955564393,1677955864389
33,0.8,2,5ms,1000,3,1677955879640,1677956179641
33,0.8,2,10ms,1,3,1677956195121,1677956495124
33,0.8,2,10ms,5,3,1677956510371,1677956810375
33,0.8,2,10ms,10,3,1677956825621,1677957125667
33,0.8,2,10ms,20,3,1677957140918,1677957440925
33,0.8,2,10ms,50,3,1677957456170,1677957756171
33,0.8,2,10ms,500,3,1677957771417,1677958071418
33,0.8,2,10ms,1000,3,1677958086657,1677958386677
33,0.8,2,50ms,1,3,1677958402166,1677958702175
33,0.8,2,50ms,5,3,1677958717418,1677959017427
33,0.8,2,50ms,10,3,1677959032667,1677959332674
33,0.8,2,50ms,20,3,1677959347928,1677959647896
33,0.8,2,50ms,50,3,1677959663148,1677959963154
33,0.8,2,50ms,500,3,1677959978401,1677960278407
33,0.8,2,50ms,1000,3,1677960293650,1677960593656
33,0.8,2,100ms,1,3,1677960609128,1677960909142
33,0.8,2,100ms,5,3,1677960924379,1677961224376
33,0.8,2,100ms,10,3,1677961239606,1677961539611
33,0.8,2,100ms,20,3,1677961554872,1677961854879
33,0.8,2,100ms,50,3,1677961870117,1677962170097
33,0.8,2,100ms,500,3,1677962185333,1677962485337
33,0.8,2,100ms,1000,3,1677962500589,1677962800587
33,0.8,5,1ms,1,3,1677962816034,1677963116063
33,0.8,5,1ms,5,3,1677963131302,1677963431313
33,0.8,5,1ms,10,3,1677963446562,1677963746569
33,0.8,5,1ms,20,3,1677963761851,1677964061857
33,0.8,5,1ms,50,3,1677964077100,1677964377076
33,0.8,5,1ms,500,3,1677964392323,1677964692328
33,0.8,5,1ms,1000,3,1677964707580,1677965007584
33,0.8,5,5ms,1,3,1677965023030,1677965323034
33,0.8,5,5ms,5,3,1677965338289,1677965638322
33,0.8,5,5ms,10,3,1677965653576,1677965953584
33,0.8,5,5ms,20,3,1677965968831,1677966268839
33,0.8,5,5ms,50,3,1677966284083,1677966584091
33,0.8,5,5ms,500,3,1677966599339,1677966899337
33,0.8,5,5ms,1000,3,1677966914593,1677967214600
33,0.8,5,10ms,1,3,1677967230056,1677967530057
33,0.8,5,10ms,5,3,1677967545304,1677967845312
33,0.8,5,10ms,10,3,1677967860578,1677968160552
33,0.8,5,10ms,20,3,1677968175786,1677968475790
33,0.8,5,10ms,50,3,1677968491031,1677968791036
33,0.8,5,10ms,500,3,1677968806280,1677969106285
33,0.8,5,10ms,1000,3,1677969121546,1677969421537
33,0.8,5,50ms,1,3,1677969437003,1677969737007
33,0.8,5,50ms,5,3,1677969752252,1677970052256
33,0.8,5,50ms,10,3,1677970067506,1677970367508
33,0.8,5,50ms,20,3,1677970382757,1677970682758
33,0.8,5,50ms,50,3,1677970697991,1677970997994
33,0.8,5,50ms,500,3,1677971013248,1677971313252
33,0.8,5,50ms,1000,3,1677971328496,1677971628499
33,0.8,5,100ms,1,3,1677971643980,1677971943984
33,0.8,5,100ms,5,3,1677971959229,1677972259233
33,0.8,5,100ms,10,3,1677972274484,1677972574487
33,0.8,5,100ms,20,3,1677972589730,1677972889740
33,0.8,5,100ms,50,3,1677972904986,1677973204991
33,0.8,5,100ms,500,3,1677973220227,1677973520226
33,0.8,5,100ms,1000,3,1677973535496,1677973835492
33,0.8,10,1ms,1,3,1677973850950,1677974150960
33,0.8,10,1ms,5,3,1677974166206,1677974466211
33,0.8,10,1ms,10,3,1677974481468,1677974781472
33,0.8,10,1ms,20,3,1677974796715,1677975096720
33,0.8,10,1ms,50,3,1677975111958,1677975411970
33,0.8,10,1ms,500,3,1677975427206,1677975727202
33,0.8,10,1ms,1000,3,1677975742440,1677976042445
33,0.8,10,5ms,1,3,1677976057895,1677976357891
33,0.8,10,5ms,5,3,1677976373129,1677976673189
33,0.8,10,5ms,10,3,1677976688441,1677976988450
33,0.8,10,5ms,20,3,1677977003704,1677977303713
33,0.8,10,5ms,50,3,1677977318958,1677977618967
33,0.8,10,5ms,500,3,1677977634209,1677977934243
33,0.8,10,5ms,1000,3,1677977949487,1677978249498
33,0.8,10,10ms,1,3,1677978264964,1677978564975
33,0.8,10,10ms,5,3,1677978580229,1677978880206
33,0.8,10,10ms,10,3,1677978895453,1677979195458
33,0.8,10,10ms,20,3,1677979210709,1677979510716
33,0.8,10,10ms,50,3,1677979525953,1677979825955
33,0.8,10,10ms,500,3,1677979841215,1677980141239
33,0.8,10,10ms,1000,3,1677980156488,1677980456497
33,0.8,10,50ms,1,3,1677980471948,1677980771957
33,0.8,10,50ms,5,3,1677980787223,1677981087232
33,0.8,10,50ms,10,3,1677981102479,1677981402494
33,0.8,10,50ms,20,3,1677981417742,1677981717752
33,0.8,10,50ms,50,3,1677981733001,1677982033011
33,0.8,10,50ms,500,3,1677982048256,1677982348266
33,0.8,10,50ms,1000,3,1677982363521,1677982663527
33,0.8,10,100ms,1,3,1677982678979,1677982978989
33,0.8,10,100ms,5,3,1677982994233,1677983294243
33,0.8,10,100ms,10,3,1677983309483,1677983609492
33,0.8,10,100ms,20,3,1677983624745,1677983924718
33,0.8,10,100ms,50,3,1677983939962,1677984239968
33,0.8,10,100ms,500,3,1677984255202,1677984555208
33,0.8,10,100ms,1000,3,1677984570442,1677984870449
33,0.8,20,1ms,1,3,1677984885915,1677985185901
33,0.8,20,1ms,5,3,1677985201147,1677985501153
33,0.8,20,1ms,10,3,1677985516385,1677985816387
33,0.8,20,1ms,20,3,1677985831636,1677986131642
33,0.8,20,1ms,50,3,1677986146899,1677986446900
33,0.8,20,1ms,500,3,1677986462150,1677986762156
33,0.8,20,1ms,1000,3,1677986777397,1677987077403
33,0.8,20,5ms,1,3,1677987092897,1677987392882
33,0.8,20,5ms,5,3,1677987408107,1677987708109
33,0.8,20,5ms,10,3,1677987723352,1677988023356
33,0.8,20,5ms,20,3,1677988038598,1677988338602
33,0.8,20,5ms,50,3,1677988353846,1677988653838
33,0.8,20,5ms,500,3,1677988669071,1677988969074
33,0.8,20,5ms,1000,3,1677988984320,1677989284322
33,0.8,20,10ms,1,3,1677989300622,1677989600625
33,0.8,20,10ms,5,3,1677989616258,1677989916261
33,0.8,20,10ms,10,3,1677989931517,1677990231520
33,0.8,20,10ms,20,3,1677990246765,1677990546768
33,0.8,20,10ms,50,3,1677990562007,1677990862010
33,0.8,20,10ms,500,3,1677990877250,1677991177309
33,0.8,20,10ms,1000,3,1677991192561,1677991492559
33,0.8,20,50ms,1,3,1677991508005,1677991808012
33,0.8,20,50ms,5,3,1677991823256,1677992123262
33,0.8,20,50ms,10,3,1677992138510,1677992438526
33,0.8,20,50ms,20,3,1677992453761,1677992753769
33,0.8,20,50ms,50,3,1677992768997,1677993069004
33,0.8,20,50ms,500,3,1677993084260,1677993384268
33,0.8,20,50ms,1000,3,1677993399523,1677993699505
33,0.8,20,100ms,1,3,1677993714974,1677994014980
33,0.8,20,100ms,5,3,1677994030237,1677994330235
33,0.8,20,100ms,10,3,1677994345497,1677994645532
33,0.8,20,100ms,20,3,1677994660789,1677994960799
33,0.8,20,100ms,50,3,1677994976041,1677995276044
33,0.8,20,100ms,500,3,1677995291295,1677995591303
33,0.8,20,100ms,1000,3,1677995606551,1677995906546
33,1.0,1,1ms,1,3,1677995922269,1677996222276
33,1.0,1,1ms,5,3,1677996237520,1677996537527
33,1.0,1,1ms,10,3,1677996552782,1677996852789
33,1.0,1,1ms,20,3,1677996868013,1677997167991
33,1.0,1,1ms,50,3,1677997183242,1677997483247
33,1.0,1,1ms,500,3,1677997498486,1677997798491
33,1.0,1,1ms,1000,3,1677997813727,1677998113732
33,1.0,1,5ms,1,3,1677998129194,1677998429234
33,1.0,1,5ms,5,3,1677998444490,1677998744498
33,1.0,1,5ms,10,3,1677998759749,1677999059757
33,1.0,1,5ms,20,3,1677999074990,1677999374997
33,1.0,1,5ms,50,3,1677999390231,1677999690237
33,1.0,1,5ms,500,3,1677999705486,1678000005494
33,1.0,1,5ms,1000,3,1678000020730,1678000320737
33,1.0,1,10ms,1,3,1678000336184,1678000636192
33,1.0,1,10ms,5,3,1678000651419,1678000951394
33,1.0,1,10ms,10,3,1678000966653,1678001266658
33,1.0,1,10ms,20,3,1678001281910,1678001581915
33,1.0,1,10ms,50,3,1678001597172,1678001897172
33,1.0,1,10ms,500,3,1678001912413,1678002212419
33,1.0,1,10ms,1000,3,1678002227658,1678002527664
33,1.0,1,50ms,1,3,1678002543099,1678002843105
33,1.0,1,50ms,5,3,1678002858345,1678003158363
33,1.0,1,50ms,10,3,1678003173606,1678003473613
33,1.0,1,50ms,20,3,1678003488846,1678003788853
33,1.0,1,50ms,50,3,1678003804101,1678004104107
33,1.0,1,50ms,500,3,1678004119367,1678004419371
33,1.0,1,50ms,1000,3,1678004434612,1678004734619
33,1.0,1,100ms,1,3,1678004750054,1678005050061
33,1.0,1,100ms,5,3,1678005065316,1678005365322
33,1.0,1,100ms,10,3,1678005380563,1678005680573
33,1.0,1,100ms,20,3,1678005695802,1678005995809
33,1.0,1,100ms,50,3,1678006011049,1678006311052
33,1.0,1,100ms,500,3,1678006326308,1678006626307
33,1.0,1,100ms,1000,3,1678006641534,1678006941560
33,1.0,2,1ms,1,3,1678006957022,1678007257029
33,1.0,2,1ms,5,3,1678007272282,1678007572291
33,1.0,2,1ms,10,3,1678007587537,1678007887541
33,1.0,2,1ms,20,3,1678007902795,1678008202765
33,1.0,2,1ms,50,3,1678008217988,1678008517994
33,1.0,2,1ms,500,3,1678008533231,1678008833236
33,1.0,2,1ms,1000,3,1678008848479,1678009148485
33,1.0,2,5ms,1,3,1678009163971,1678009463951
33,1.0,2,5ms,5,3,1678009479203,1678009779208
33,1.0,2,5ms,10,3,1678009794469,1678010094469
33,1.0,2,5ms,20,3,1678010109708,1678010409731
33,1.0,2,5ms,50,3,1678010424968,1678010724976
33,1.0,2,5ms,500,3,1678010740220,1678011040223
33,1.0,2,5ms,1000,3,1678011055485,1678011355484
33,1.0,2,10ms,1,3,1678011370936,1678011670921
33,1.0,2,10ms,5,3,1678011686173,1678011986178
33,1.0,2,10ms,10,3,1678012001417,1678012301422
33,1.0,2,10ms,20,3,1678012316648,1678012616647
33,1.0,2,10ms,50,3,1678012631884,1678012931913
33,1.0,2,10ms,500,3,1678012947170,1678013247171
33,1.0,2,10ms,1000,3,1678013262427,1678013562426
33,1.0,2,50ms,1,3,1678013577948,1678013877950
33,1.0,2,50ms,5,3,1678013893199,1678014193180
33,1.0,2,50ms,10,3,1678014208436,1678014508436
33,1.0,2,50ms,20,3,1678014523675,1678014823676
33,1.0,2,50ms,50,3,1678014838967,1678015138968
33,1.0,2,50ms,500,3,1678015154243,1678015454262
33,1.0,2,50ms,1000,3,1678015469545,1678015769545
33,1.0,2,100ms,1,3,1678015785037,1678016085039
33,1.0,2,100ms,5,3,1678016100335,1678016400337
33,1.0,2,100ms,10,3,1678016415606,1678016715631
33,1.0,2,100ms,20,3,1678016730885,1678017030888
33,1.0,2,100ms,50,3,1678017046147,1678017346151
33,1.0,2,100ms,500,3,1678017361384,1678017661365
33,1.0,2,100ms,1000,3,1678017676592,1678017976582
33,1.0,5,1ms,1,3,1678017992093,1678018292094
33,1.0,5,1ms,5,3,1678018307377,1678018607374
33,1.0,5,1ms,10,3,1678018622612,1678018922631
33,1.0,5,1ms,20,3,1678018937890,1678019237889
33,1.0,5,1ms,50,3,1678019253167,1678019553168
33,1.0,5,1ms,500,3,1678019568446,1678019868447
33,1.0,5,1ms,1000,3,1678019883699,1678020183658
33,1.0,5,5ms,1,3,1678020199183,1678020499182
33,1.0,5,5ms,5,3,1678020514456,1678020814450
33,1.0,5,5ms,10,3,1678020829738,1678021129734
33,1.0,5,5ms,20,3,1678021145006,1678021444985
33,1.0,5,5ms,50,3,1678021460248,1678021760249
33,1.0,5,5ms,500,3,1678021775520,1678022075523
33,1.0,5,5ms,1000,3,1678022090807,1678022390805
33,1.0,5,10ms,1,3,1678022406330,1678022706361
33,1.0,5,10ms,5,3,1678022721621,1678023021618
33,1.0,5,10ms,10,3,1678023036897,1678023336901
33,1.0,5,10ms,20,3,1678023352172,1678023652177
33,1.0,5,10ms,50,3,1678023667464,1678023967465
33,1.0,5,10ms,500,3,1678023982730,1678024282733
33,1.0,5,10ms,1000,3,1678024298003,1678024598003
33,1.0,5,50ms,1,3,1678024613566,1678024913578
33,1.0,5,50ms,5,3,1678024928841,1678025228845
33,1.0,5,50ms,10,3,1678025244116,1678025544118
33,1.0,5,50ms,20,3,1678025559396,1678025859395
33,1.0,5,50ms,50,3,1678025874668,1678026174626
33,1.0,5,50ms,500,3,1678026189912,1678026489915
33,1.0,5,50ms,1000,3,1678026505199,1678026805198
33,1.0,5,100ms,1,3,1678026820712,1678027120714
33,1.0,5,100ms,5,3,1678027135971,1678027435943
33,1.0,5,100ms,10,3,1678027451203,1678027751199
33,1.0,5,100ms,20,3,1678027766467,1678028066460
33,1.0,5,100ms,50,3,1678028081733,1678028381726
33,1.0,5,100ms,500,3,1678028396998,1678028697015
33,1.0,5,100ms,1000,3,1678028712288,1678029012284
33,1.0,10,1ms,1,3,1678029027785,1678029327779
33,1.0,10,1ms,5,3,1678029343056,1678029643052
33,1.0,10,1ms,10,3,1678029658330,1678029958311
33,1.0,10,1ms,20,3,1678029973579,1678030273575
33,1.0,10,1ms,50,3,1678030288846,1678030588843
33,1.0,10,1ms,500,3,1678030604105,1678030904098
33,1.0,10,1ms,1000,3,1678030919381,1678031219373
33,1.0,10,5ms,1,3,1678031234881,1678031534877
33,1.0,10,5ms,5,3,1678031550128,1678031850124
33,1.0,10,5ms,10,3,1678031865369,1678032165392
33,1.0,10,5ms,20,3,1678032180663,1678032480659
33,1.0,10,5ms,50,3,1678032495947,1678032795945
33,1.0,10,5ms,500,3,1678032811202,1678033111197
33,1.0,10,5ms,1000,3,1678033126649,1678033426666
33,1.0,10,10ms,1,3,1678033442464,1678033742464
33,1.0,10,10ms,5,3,1678033757723,1678034057718
33,1.0,10,10ms,10,3,1678034072981,1678034372978
33,1.0,10,10ms,20,3,1678034388282,1678034688261
33,1.0,10,10ms,50,3,1678034703543,1678035003542
33,1.0,10,10ms,500,3,1678035019042,1678035319040
33,1.0,10,10ms,1000,3,1678035334490,1678035634493
33,1.0,10,50ms,1,3,1678035650314,1678035950320
33,1.0,10,50ms,5,3,1678035965716,1678036265715
33,1.0,10,50ms,10,3,1678036280972,1678036580975
33,1.0,10,50ms,20,3,1678036596252,1678036896247
33,1.0,10,50ms,50,3,1678036911550,1678037211582
33,1.0,10,50ms,500,3,1678037226836,1678037526837
33,1.0,10,50ms,1000,3,1678037542099,1678037842097
33,1.0,10,100ms,1,3,1678037857608,1678038157609
33,1.0,10,100ms,5,3,1678038172867,1678038472859
33,1.0,10,100ms,10,3,1678038488122,1678038788121
33,1.0,10,100ms,20,3,1678038803389,1678039103390
33,1.0,10,100ms,50,3,1678039118659,1678039418695
33,1.0,10,100ms,500,3,1678039433969,1678039733973
33,1.0,10,100ms,1000,3,1678039749241,1678040049240
33,1.0,20,1ms,1,3,1678040064689,1678040364692
33,1.0,20,1ms,5,3,1678040379951,1678040679921
33,1.0,20,1ms,10,3,1678040695193,1678040995190
33,1.0,20,1ms,20,3,1678041010452,1678041310453
33,1.0,20,1ms,50,3,1678041325717,1678041625718
33,1.0,20,1ms,500,3,1678041640967,1678041940946
33,1.0,20,1ms,1000,3,1678041956202,1678042256202
33,1.0,20,5ms,1,3,1678042271667,1678042571666
33,1.0,20,5ms,5,3,1678042586944,1678042886943
33,1.0,20,5ms,10,3,1678042902196,1678043202177
33,1.0,20,5ms,20,3,1678043217435,1678043517433
33,1.0,20,5ms,50,3,1678043532679,1678043832678
33,1.0,20,5ms,500,3,1678043847929,1678044147927
33,1.0,20,5ms,1000,3,1678044163206,1678044463197
33,1.0,20,10ms,1,3,1678044478701,1678044778696
33,1.0,20,10ms,5,3,1678044793960,1678045093953
33,1.0,20,10ms,10,3,1678045109224,1678045409222
33,1.0,20,10ms,20,3,1678045424494,1678045724491
33,1.0,20,10ms,50,3,1678045739754,1678046039749
33,1.0,20,10ms,500,3,1678046055021,1678046355016
33,1.0,20,10ms,1000,3,1678046370455,1678046670458
33,1.0,20,50ms,1,3,1678046686275,1678046986275
33,1.0,20,50ms,5,3,1678047001549,1678047301553
33,1.0,20,50ms,10,3,1678047316844,1678047616847
33,1.0,20,50ms,20,3,1678047632119,1678047932119
33,1.0,20,50ms,50,3,1678047947395,1678048247390
33,1.0,20,50ms,500,3,1678048262663,1678048562666
33,1.0,20,50ms,1000,3,1678048577920,1678048877916
33,1.0,20,100ms,1,3,1678048893440,1678049193491
33,1.0,20,100ms,5,3,1678049208765,1678049508765
33,1.0,20,100ms,10,3,1678049524035,1678049824038
33,1.0,20,100ms,20,3,1678049839317,1678050139323
33,1.0,20,100ms,50,3,1678050154603,1678050454608
33,1.0,20,100ms,500,3,1678050469878,1678050769875
33,1.0,20,100ms,1000,3,1678050785157,1678051085163
33,1.2,1,1ms,1,3,1678051100962,1678051400968
33,1.2,1,1ms,5,3,1678051416237,1678051716239
33,1.2,1,1ms,10,3,1678051731506,1678052031507
33,1.2,1,1ms,20,3,1678052046754,1678052346755
33,1.2,1,1ms,50,3,1678052362006,1678052661853
33,1.2,1,1ms,500,3,1678052677117,1678052977107
33,1.2,1,1ms,1000,3,1678052992396,1678053292388
33,1.2,1,5ms,1,3,1678053307892,1678053607933
33,1.2,1,5ms,5,3,1678053623209,1678053923208
33,1.2,1,5ms,10,3,1678053938487,1678054238487
33,1.2,1,5ms,20,3,1678054253764,1678054553780
33,1.2,1,5ms,50,3,1678054569059,1678054869059
33,1.2,1,5ms,500,3,1678054884341,1678055184342
33,1.2,1,5ms,1000,3,1678055199621,1678055499620
33,1.2,1,10ms,1,3,1678055515174,1678055815215
33,1.2,1,10ms,5,3,1678055830500,1678056130501
33,1.2,1,10ms,10,3,1678056145782,1678056445783
33,1.2,1,10ms,20,3,1678056461036,1678056761034
33,1.2,1,10ms,50,3,1678056776313,1678057076306
33,1.2,1,10ms,500,3,1678057091585,1678057391590
33,1.2,1,10ms,1000,3,1678057406871,1678057706867
33,1.2,1,50ms,1,3,1678057722364,1678058022363
33,1.2,1,50ms,5,3,1678058037645,1678058337638
33,1.2,1,50ms,10,3,1678058352885,1678058652882
33,1.2,1,50ms,20,3,1678058668157,1678058968153
33,1.2,1,50ms,50,3,1678058983427,1678059283423
33,1.2,1,50ms,500,3,1678059298687,1678059598709
33,1.2,1,50ms,1000,3,1678059613983,1678059913981
33,1.2,1,100ms,1,3,1678059929507,1678060229506
33,1.2,1,100ms,5,3,1678060244780,1678060544780
33,1.2,1,100ms,10,3,1678060560047,1678060860028
33,1.2,1,100ms,20,3,1678060875303,1678061175302
33,1.2,1,100ms,50,3,1678061190547,1678061490542
33,1.2,1,100ms,500,3,1678061505788,1678061805783
33,1.2,1,100ms,1000,3,1678061821036,1678062121032
33,1.2,2,1ms,1,3,1678062136517,1678062436513
33,1.2,2,1ms,5,3,1678062451819,1678062751817
33,1.2,2,1ms,10,3,1678062767080,1678063067075
33,1.2,2,1ms,20,3,1678063082336,1678063382334
33,1.2,2,1ms,50,3,1678063397629,1678063697623
33,1.2,2,1ms,500,3,1678063712908,1678064012911
33,1.2,2,1ms,1000,3,1678064028203,1678064328203
33,1.2,2,5ms,1,3,1678064343725,1678064643725
33,1.2,2,5ms,5,3,1678064659009,1678064959009
33,1.2,2,5ms,10,3,1678064974285,1678065274284
33,1.2,2,5ms,20,3,1678065289558,1678065589553
33,1.2,2,5ms,50,3,1678065605178,1678065905181
33,1.2,2,5ms,500,3,1678065920753,1678066220756
33,1.2,2,5ms,1000,3,1678066236032,1678066536031
33,1.2,2,10ms,1,3,1678066551535,1678066851536
33,1.2,2,10ms,5,3,1678066866809,1678067166811
33,1.2,2,10ms,10,3,1678067182093,1678067482086
33,1.2,2,10ms,20,3,1678067497382,1678067797385
33,1.2,2,10ms,50,3,1678067812652,1678068112683
33,1.2,2,10ms,500,3,1678068127952,1678068427957
33,1.2,2,10ms,1000,3,1678068443232,1678068743237
33,1.2,2,50ms,1,3,1678068758769,1678069058774
33,1.2,2,50ms,5,3,1678069074072,1678069374085
33,1.2,2,50ms,10,3,1678069389381,1678069689385
33,1.2,2,50ms,20,3,1678069704660,1678070004663
33,1.2,2,50ms,50,3,1678070019933,1678070319932
33,1.2,2,50ms,500,3,1678070335206,1678070635202
33,1.2,2,50ms,1000,3,1678070650481,1678070950487
33,1.2,2,100ms,1,3,1678070965996,1678071266001
33,1.2,2,100ms,5,3,1678071281291,1678071581290
33,1.2,2,100ms,10,3,1678071596565,1678071896568
33,1.2,2,100ms,20,3,1678071911859,1678072211856
33,1.2,2,100ms,50,3,1678072227135,1678072527136
33,1.2,2,100ms,500,3,1678072542446,1678072842466
33,1.2,2,100ms,1000,3,1678072857735,1678073157732
33,1.2,5,1ms,1,3,1678073173263,1678073473266
33,1.2,5,1ms,5,3,1678073488540,1678073788544
33,1.2,5,1ms,10,3,1678073803812,1678074103765
33,1.2,5,1ms,20,3,1678074119040,1678074419034
33,1.2,5,1ms,50,3,1678074434313,1678074734314
33,1.2,5,1ms,500,3,1678074749590,1678075049593
33,1.2,5,1ms,1000,3,1678075064888,1678075364912
33,1.2,5,5ms,1,3,1678075380420,1678075680422
33,1.2,5,5ms,5,3,1678075695697,1678075995698
33,1.2,5,5ms,10,3,1678076010949,1678076310954
33,1.2,5,5ms,20,3,1678076326250,1678076626266
33,1.2,5,5ms,50,3,1678076641529,1678076941533
33,1.2,5,5ms,500,3,1678076956816,1678077256821
33,1.2,5,5ms,1000,3,1678077272095,1678077572087
33,1.2,5,10ms,1,3,1678077587586,1678077887589
33,1.2,5,10ms,5,3,1678077902865,1678078202869
33,1.2,5,10ms,10,3,1678078218134,1678078518131
33,1.2,5,10ms,20,3,1678078533417,1678078833428
33,1.2,5,10ms,50,3,1678078848682,1678079148686
33,1.2,5,10ms,500,3,1678079163962,1678079463959
33,1.2,5,10ms,1000,3,1678079479229,1678079779233
33,1.2,5,50ms,1,3,1678079794760,1678080094718
33,1.2,5,50ms,5,3,1678080109962,1678080409963
33,1.2,5,50ms,10,3,1678080425250,1678080725246
33,1.2,5,50ms,20,3,1678080740525,1678081040521
33,1.2,5,50ms,50,3,1678081055789,1678081355797
33,1.2,5,50ms,500,3,1678081371063,1678081671064
33,1.2,5,50ms,1000,3,1678081686328,1678081986329
33,1.2,5,100ms,1,3,1678082001858,1678082301859
33,1.2,5,100ms,5,3,1678082317147,1678082617155
33,1.2,5,100ms,10,3,1678082632440,1678082932442
33,1.2,5,100ms,20,3,1678082947720,1678083247722
33,1.2,5,100ms,50,3,1678083262994,1678083562996
33,1.2,5,100ms,500,3,1678083578276,1678083878282
33,1.2,5,100ms,1000,3,1678083893551,1678084193555
33,1.2,10,1ms,1,3,1678084209059,1678084509063
33,1.2,10,1ms,5,3,1678084524347,1678084824361
33,1.2,10,1ms,10,3,1678084839639,1678085139642
33,1.2,10,1ms,20,3,1678085154935,1678085454938
33,1.2,10,1ms,50,3,1678085470194,1678085770194
33,1.2,10,1ms,500,3,1678085785446,1678086085422
33,1.2,10,1ms,1000,3,1678086100684,1678086400678
33,1.2,10,5ms,1,3,1678086416126,1678086716124
33,1.2,10,5ms,5,3,1678086731374,1678087031372
33,1.2,10,5ms,10,3,1678087046638,1678087346619
33,1.2,10,5ms,20,3,1678087361874,1678087661871
33,1.2,10,5ms,50,3,1678087677153,1678087977150
33,1.2,10,5ms,500,3,1678087992404,1678088292401
33,1.2,10,5ms,1000,3,1678088307673,1678088607691
33,1.2,10,10ms,1,3,1678088623199,1678088923197
33,1.2,10,10ms,5,3,1678088938458,1678089238455
33,1.2,10,10ms,10,3,1678089253724,1678089553723
33,1.2,10,10ms,20,3,1678089568993,1678089869002
33,1.2,10,10ms,50,3,1678089884258,1678090184257
33,1.2,10,10ms,500,3,1678090199481,1678090499481
33,1.2,10,10ms,1000,3,1678090514745,1678090814724
33,1.2,10,50ms,1,3,1678090830238,1678091130234
33,1.2,10,50ms,5,3,1678091145499,1678091445497
33,1.2,10,50ms,10,3,1678091460760,1678091760754
33,1.2,10,50ms,20,3,1678091776020,1678092075986
33,1.2,10,50ms,50,3,1678092091269,1678092391265
33,1.2,10,50ms,500,3,1678092406525,1678092706521
33,1.2,10,50ms,1000,3,1678092721803,1678093021799
33,1.2,10,100ms,1,3,1678093037294,1678093337297
33,1.2,10,100ms,5,3,1678093352557,1678093652550
33,1.2,10,100ms,10,3,1678093667823,1678093967820
33,1.2,10,100ms,20,3,1678093983073,1678094283069
33,1.2,10,100ms,50,3,1678094298349,1678094598334
33,1.2,10,100ms,500,3,1678094613578,1678094913569
33,1.2,10,100ms,1000,3,1678094928828,1678095228822
33,1.2,20,1ms,1,3,1678095244353,1678095544348
33,1.2,20,1ms,5,3,1678095559607,1678095859648
33,1.2,20,1ms,10,3,1678095874912,1678096174912
33,1.2,20,1ms,20,3,1678096190173,1678096490172
33,1.2,20,1ms,50,3,1678096505427,1678096805421
33,1.2,20,1ms,500,3,1678096820678,1678097120675
33,1.2,20,1ms,1000,3,1678097135913,1678097435912
33,1.2,20,5ms,1,3,1678097451419,1678097751418
33,1.2,20,5ms,5,3,1678097766681,1678098066705
33,1.2,20,5ms,10,3,1678098081960,1678098381958
33,1.2,20,5ms,20,3,1678098397222,1678098697219
33,1.2,20,5ms,50,3,1678098712503,1678099012504
33,1.2,20,5ms,500,3,1678099027772,1678099327780
33,1.2,20,5ms,1000,3,1678099343017,1678099643019
33,1.2,20,10ms,1,3,1678099658535,1678099958537
33,1.2,20,10ms,5,3,1678099973789,1678100273791
33,1.2,20,10ms,10,3,1678100289051,1678100589002
33,1.2,20,10ms,20,3,1678100604275,1678100904270
33,1.2,20,10ms,50,3,1678100919538,1678101219533
33,1.2,20,10ms,500,3,1678101234793,1678101534795
33,1.2,20,10ms,1000,3,1678101550069,1678101850085
33,1.2,20,50ms,1,3,1678101865610,1678102165614
33,1.2,20,50ms,5,3,1678102180863,1678102480868
33,1.2,20,50ms,10,3,1678102496140,1678102796144
33,1.2,20,50ms,20,3,1678102811406,1678103111366
33,1.2,20,50ms,50,3,1678103126636,1678103426630
33,1.2,20,50ms,500,3,1678103441889,1678103741886
33,1.2,20,50ms,1000,3,1678103757148,1678104057130
33,1.2,20,100ms,1,3,1678104072646,1678104372639
33,1.2,20,100ms,5,3,1678104387890,1678104687886
33,1.2,20,100ms,10,3,1678104703149,1678105003145
33,1.2,20,100ms,20,3,1678105018411,1678105318431
33,1.2,20,100ms,50,3,1678105333711,1678105633709
33,1.2,20,100ms,500,3,1678105648960,1678105948958
33,1.2,20,100ms,1000,3,1678105964232,1678106264229
33,1.4,1,1ms,1,3,1678106280036,1678106580044
33,1.4,1,1ms,5,3,1678106595316,1678106895310
33,1.4,1,1ms,10,3,1678106910560,1678107210557
33,1.4,1,1ms,20,3,1678107225790,1678107525787
33,1.4,1,1ms,50,3,1678107541057,1678107841064
33,1.4,1,1ms,500,3,1678107856308,1678108156307
33,1.4,1,1ms,1000,3,1678108171550,1678108471545
33,1.4,1,5ms,1,3,1678108487027,1678108787026
33,1.4,1,5ms,5,3,1678108802305,1678109102297
33,1.4,1,5ms,10,3,1678109117554,1678109417550
33,1.4,1,5ms,20,3,1678109432802,1678109732797
33,1.4,1,5ms,50,3,1678109748065,1678110048062
33,1.4,1,5ms,500,3,1678110063310,1678110363335
33,1.4,1,5ms,1000,3,1678110378611,1678110678609
33,1.4,1,10ms,1,3,1678110694098,1678110994098
33,1.4,1,10ms,5,3,1678111009366,1678111309374
33,1.4,1,10ms,10,3,1678111324658,1678111624662
33,1.4,1,10ms,20,3,1678111639928,1678111939925
33,1.4,1,10ms,50,3,1678111955200,1678112255202
33,1.4,1,10ms,500,3,1678112270466,1678112570442
33,1.4,1,10ms,1000,3,1678112585726,1678112885725
33,1.4,1,50ms,1,3,1678112901216,1678113201215
33,1.4,1,50ms,5,3,1678113216489,1678113516487
33,1.4,1,50ms,10,3,1678113531741,1678113831708
33,1.4,1,50ms,20,3,1678113846948,1678114146946
33,1.4,1,50ms,50,3,1678114162384,1678114462378
33,1.4,1,50ms,500,3,1678114477643,1678114777637
33,1.4,1,50ms,1000,3,1678114792918,1678115092949
33,1.4,1,100ms,1,3,1678115108455,1678115408454
33,1.4,1,100ms,5,3,1678115423769,1678115723767
33,1.4,1,100ms,10,3,1678115739040,1678116039037
33,1.4,1,100ms,20,3,1678116054329,1678116354292
33,1.4,1,100ms,50,3,1678116369547,1678116669540
33,1.4,1,100ms,500,3,1678116684793,1678116984789
33,1.4,1,100ms,1000,3,1678117000052,1678117300045
33,1.4,2,1ms,1,3,1678117316502,1678117616485
33,1.4,2,1ms,5,3,1678117632091,1678117932088
33,1.4,2,1ms,10,3,1678117947380,1678118247377
33,1.4,2,1ms,20,3,1678118262667,1678118562636
33,1.4,2,1ms,50,3,1678118577910,1678118877905
33,1.4,2,1ms,500,3,1678118893191,1678119193188
33,1.4,2,1ms,1000,3,1678119208450,1678119508466
33,1.4,2,5ms,1,3,1678119523973,1678119823974
33,1.4,2,5ms,5,3,1678119839275,1678120139276
33,1.4,2,5ms,10,3,1678120154551,1678120454552
33,1.4,2,5ms,20,3,1678120469823,1678120769831
33,1.4,2,5ms,50,3,1678120785115,1678121085116
33,1.4,2,5ms,500,3,1678121100395,1678121400391
33,1.4,2,5ms,1000,3,1678121415653,1678121715650
33,1.4,2,10ms,1,3,1678121731156,1678122031160
33,1.4,2,10ms,5,3,1678122046422,1678122346414
33,1.4,2,10ms,10,3,1678122361678,1678122661675
33,1.4,2,10ms,20,3,1678122676941,1678122976960
33,1.4,2,10ms,50,3,1678122992227,1678123292226
33,1.4,2,10ms,500,3,1678123307492,1678123607491
33,1.4,2,10ms,1000,3,1678123622800,1678123922795
33,1.4,2,50ms,1,3,1678123938340,1678124238382
33,1.4,2,50ms,5,3,1678124253663,1678124553664
33,1.4,2,50ms,10,3,1678124568930,1678124868932
33,1.4,2,50ms,20,3,1678124884213,1678125184216
33,1.4,2,50ms,50,3,1678125199502,1678125499474
33,1.4,2,50ms,500,3,1678125514753,1678125814753
33,1.4,2,50ms,1000,3,1678125830020,1678126130016
33,1.4,2,100ms,1,3,1678126145510,1678126445508
33,1.4,2,100ms,5,3,1678126460775,1678126760754
33,1.4,2,100ms,10,3,1678126776009,1678127076008
33,1.4,2,100ms,20,3,1678127091311,1678127391313
33,1.4,2,100ms,50,3,1678127406560,1678127706554
33,1.4,2,100ms,500,3,1678127721814,1678128021803
33,1.4,2,100ms,1000,3,1678128037061,1678128337056
33,1.4,5,1ms,1,3,1678128352537,1678128652534
33,1.4,5,1ms,5,3,1678128667800,1678128967797
33,1.4,5,1ms,10,3,1678128983036,1678129283027
33,1.4,5,1ms,20,3,1678129298276,1678129598274
33,1.4,5,1ms,50,3,1678129613516,1678129913511
33,1.4,5,1ms,500,3,1678129928747,1678130228742
33,1.4,5,1ms,1000,3,1678130244001,1678130544014
33,1.4,5,5ms,1,3,1678130559512,1678130859510
33,1.4,5,5ms,5,3,1678130874760,1678131174759
33,1.4,5,5ms,10,3,1678131190009,1678131490034
33,1.4,5,5ms,20,3,1678131505306,1678131805305
33,1.4,5,5ms,50,3,1678131820731,1678132120737
33,1.4,5,5ms,500,3,1678132136009,1678132436010
33,1.4,5,5ms,1000,3,1678132451294,1678132751293
33,1.4,5,10ms,1,3,1678132766947,1678133066945
33,1.4,5,10ms,5,3,1678133082226,1678133382233
33,1.4,5,10ms,10,3,1678133397529,1678133697530
33,1.4,5,10ms,20,3,1678133712813,1678134012809
33,1.4,5,10ms,50,3,1678134028061,1678134328058
33,1.4,5,10ms,500,3,1678134343344,1678134643350
33,1.4,5,10ms,1000,3,1678134658624,1678134958628
33,1.4,5,50ms,1,3,1678134974135,1678135274129
33,1.4,5,50ms,5,3,1678135289414,1678135589411
33,1.4,5,50ms,10,3,1678135604676,1678135904674
33,1.4,5,50ms,20,3,1678135919944,1678136219939
33,1.4,5,50ms,50,3,1678136235220,1678136535181
33,1.4,5,50ms,500,3,1678136550447,1678136850446
33,1.4,5,50ms,1000,3,1678136865734,1678137165736
33,1.4,5,100ms,1,3,1678137181249,1678137481251
33,1.4,5,100ms,5,3,1678137496520,1678137796533
33,1.4,5,100ms,10,3,1678137811846,1678138111844
33,1.4,5,100ms,20,3,1678138127112,1678138427110
33,1.4,5,100ms,50,3,1678138442399,1678138742421
33,1.4,5,100ms,500,3,1678138757693,1678139057698
33,1.4,5,100ms,1000,3,1678139072959,1678139372954
33,1.4,10,1ms,1,3,1678139388469,1678139688469
33,1.4,10,1ms,5,3,1678139703739,1678140003736
33,1.4,10,1ms,10,3,1678140019020,1678140319016
33,1.4,10,1ms,20,3,1678140334280,1678140634284
33,1.4,10,1ms,50,3,1678140649567,1678140949567
33,1.4,10,1ms,500,3,1678140964846,1678141264858
33,1.4,10,1ms,1000,3,1678141280119,1678141580120
33,1.4,10,5ms,1,3,1678141595644,1678141895649
33,1.4,10,5ms,5,3,1678141910921,1678142210926
33,1.4,10,5ms,10,3,1678142226205,1678142526160
33,1.4,10,5ms,20,3,1678142541423,1678142841421
33,1.4,10,5ms,50,3,1678142856693,1678143156688
33,1.4,10,5ms,500,3,1678143172071,1678143472064
33,1.4,10,5ms,1000,3,1678143487599,1678143787594
33,1.4,10,10ms,1,3,1678143803124,1678144103118
33,1.4,10,10ms,5,3,1678144118386,1678144418383
33,1.4,10,10ms,10,3,1678144433641,1678144733657
33,1.4,10,10ms,20,3,1678144748936,1678145048938
33,1.4,10,10ms,50,3,1678145064193,1678145364191
33,1.4,10,10ms,500,3,1678145379497,1678145679495
33,1.4,10,10ms,1000,3,1678145694756,1678145994750
33,1.4,10,50ms,1,3,1678146010261,1678146310255
33,1.4,10,50ms,5,3,1678146325531,1678146625529
33,1.4,10,50ms,10,3,1678146640782,1678146940779
33,1.4,10,50ms,20,3,1678146956028,1678147256023
33,1.4,10,50ms,50,3,1678147271320,1678147571318
33,1.4,10,50ms,500,3,1678147586575,1678147886569
33,1.4,10,50ms,1000,3,1678147901827,1678148201825
33,1.4,10,100ms,1,3,1678148217346,1678148517340
33,1.4,10,100ms,5,3,1678148532612,1678148832607
33,1.4,10,100ms,10,3,1678148847889,1678149147888
33,1.4,10,100ms,20,3,1678149163145,1678149463143
33,1.4,10,100ms,50,3,1678149478411,1678149778429
33,1.4,10,100ms,500,3,1678149793691,1678150093688
33,1.4,10,100ms,1000,3,1678150108960,1678150408961
33,1.4,20,1ms,1,3,1678150424503,1678150724507
33,1.4,20,1ms,5,3,1678150739786,1678151039779
33,1.4,20,1ms,10,3,1678151055063,1678151355066
33,1.4,20,1ms,20,3,1678151370352,1678151670356
33,1.4,20,1ms,50,3,1678151685648,1678151985647
33,1.4,20,1ms,500,3,1678152000913,1678152300908
33,1.4,20,1ms,1000,3,1678152316210,1678152616213
33,1.4,20,5ms,1,3,1678152631738,1678152931739
33,1.4,20,5ms,5,3,1678152947008,1678153247006
33,1.4,20,5ms,10,3,1678153262285,1678153562287
33,1.4,20,5ms,20,3,1678153577571,1678153877570
33,1.4,20,5ms,50,3,1678153892833,1678154192828
33,1.4,20,5ms,500,3,1678154208099,1678154508071
33,1.4,20,5ms,1000,3,1678154523338,1678154823339
33,1.4,20,10ms,1,3,1678154838835,1678155138836
33,1.4,20,10ms,5,3,1678155154107,1678155454104
33,1.4,20,10ms,10,3,1678155469378,1678155769365
33,1.4,20,10ms,20,3,1678155784633,1678156084631
33,1.4,20,10ms,50,3,1678156099895,1678156399889
33,1.4,20,10ms,500,3,1678156415182,1678156715182
33,1.4,20,10ms,1000,3,1678156730453,1678157030450
33,1.4,20,50ms,1,3,1678157045962,1678157345959
33,1.4,20,50ms,5,3,1678157361238,1678157661238
33,1.4,20,50ms,10,3,1678157676507,1678157976498
33,1.4,20,50ms,20,3,1678157991771,1678158291804
33,1.4,20,50ms,50,3,1678158307079,1678158607079
33,1.4,20,50ms,500,3,1678158622372,1678158922374
33,1.4,20,50ms,1000,3,1678158937625,1678159237627
33,1.4,20,100ms,1,3,1678159253137,1678159553178
33,1.4,20,100ms,5,3,1678159568449,1678159868454
33,1.4,20,100ms,10,3,1678159883741,1678160183745
33,1.4,20,100ms,20,3,1678160199046,1678160499053
33,1.4,20,100ms,50,3,1678160514336,1678160814343
33,1.4,20,100ms,500,3,1678160829610,1678161129616
33,1.4,20,100ms,1000,3,1678161144889,1678161444896
