traffic,cb_v1,cv_v2,cv_v3,retry,interval,start,end
40,1,1,1,1,1ms,1678504064319,1678504124319
40,1,1,1,1,25ms,1678504124573,1678504184576
40,1,1,1,1,50ms,1678504184833,1678504244836
40,1,1,1,2,1ms,1678504245087,1678504305095
40,1,1,1,2,25ms,1678504305371,1678504365378
40,1,1,1,2,50ms,1678504365661,1678504425661
40,1,1,1,5,1ms,1678504425896,1678504485898
40,1,1,1,5,25ms,1678504486156,1678504546178
40,1,1,1,5,50ms,1678504546443,1678504606445
40,1,1,50,1,1ms,1678504606969,1678504666978
40,1,1,50,1,25ms,1678504667254,1678504727262
40,1,1,50,1,50ms,1678504727539,1678504787543
40,1,1,50,2,1ms,1678504787812,1678504847811
40,1,1,50,2,25ms,1678504848098,1678504908105
40,1,1,50,2,50ms,1678504908374,1678504968381
40,1,1,50,5,1ms,1678504968645,1678505028646
40,1,1,50,5,25ms,1678505028915,1678505088917
40,1,1,50,5,50ms,1678505089235,1678505149238
40,1,1,1000,1,1ms,1678505149751,1678505209753
40,1,1,1000,1,25ms,1678505210037,1678505270040
40,1,1,1000,1,50ms,1678505270307,1678505330306
40,1,1,1000,2,1ms,1678505330571,1678505390573
40,1,1,1000,2,25ms,1678505390835,1678505450838
40,1,1,1000,2,50ms,1678505451084,1678505511087
40,1,1,1000,5,1ms,1678505511348,1678505571355
40,1,1,1000,5,25ms,1678505571629,1678505631631
40,1,1,1000,5,50ms,1678505631885,1678505691890
40,1,50,1,1,1ms,1678505692654,1678505752691
40,1,50,1,1,25ms,1678505752943,1678505812947
40,1,50,1,1,50ms,1678505813217,1678505873219
40,1,50,1,2,1ms,1678505873478,1678505933483
40,1,50,1,2,25ms,1678505933738,1678505993740
40,1,50,1,2,50ms,1678505993987,1678506053992
40,1,50,1,5,1ms,1678506054264,1678506114271
40,1,50,1,5,25ms,1678506114524,1678506174526
40,1,50,1,5,50ms,1678506174781,1678506234789
40,1,50,50,1,1ms,1678506235280,1678506295289
40,1,50,50,1,25ms,1678506295537,1678506355545
40,1,50,50,1,50ms,1678506355801,1678506415809
40,1,50,50,2,1ms,1678506416064,1678506476070
40,1,50,50,2,25ms,1678506476323,1678506536323
40,1,50,50,2,50ms,1678506536582,1678506596586
40,1,50,50,5,1ms,1678506596860,1678506656868
40,1,50,50,5,25ms,1678506657132,1678506717133
40,1,50,50,5,50ms,1678506717389,1678506777395
40,1,50,1000,1,1ms,1678506777891,1678506837896
40,1,50,1000,1,25ms,1678506838173,1678506898182
40,1,50,1000,1,50ms,1678506898440,1678506958448
40,1,50,1000,2,1ms,1678506958722,1678507018743
40,1,50,1000,2,25ms,1678507018990,1678507078998
40,1,50,1000,2,50ms,1678507079260,1678507139270
40,1,50,1000,5,1ms,1678507139542,1678507199545
40,1,50,1000,5,25ms,1678507199797,1678507259804
40,1,50,1000,5,50ms,1678507260070,1678507320078
40,1,1000,1,1,1ms,1678507320809,1678507380818
40,1,1000,1,1,25ms,1678507381048,1678507441048
40,1,1000,1,1,50ms,1678507441309,1678507501315
40,1,1000,1,2,1ms,1678507501567,1678507561570
40,1,1000,1,2,25ms,1678507561824,1678507621829
40,1,1000,1,2,50ms,1678507622099,1678507682106
40,1,1000,1,5,1ms,1678507682370,1678507742379
40,1,1000,1,5,25ms,1678507742627,1678507802637
40,1,1000,1,5,50ms,1678507802895,1678507862897
40,1,1000,50,1,1ms,1678507863397,1678507923400
40,1,1000,50,1,25ms,1678507923664,1678507983668
40,1,1000,50,1,50ms,1678507983905,1678508043915
40,1,1000,50,2,1ms,1678508044181,1678508104190
40,1,1000,50,2,25ms,1678508104454,1678508164452
40,1,1000,50,2,50ms,1678508164711,1678508224684
40,1,1000,50,5,1ms,1678508224927,1678508284926
40,1,1000,50,5,25ms,1678508285177,1678508345177
40,1,1000,50,5,50ms,1678508345426,1678508405431
40,1,1000,1000,1,1ms,1678508405907,1678508465913
40,1,1000,1000,1,25ms,1678508466177,1678508526183
40,1,1000,1000,1,50ms,1678508526449,1678508586455
40,1,1000,1000,2,1ms,1678508586710,1678508646713
40,1,1000,1000,2,25ms,1678508646981,1678508706988
40,1,1000,1000,2,50ms,1678508707258,1678508767264
40,1,1000,1000,5,1ms,1678508767523,1678508827532
40,1,1000,1000,5,25ms,1678508827790,1678508887793
40,1,1000,1000,5,50ms,1678508888051,1678508948051
40,50,1,1,1,1ms,1678508949021,1678509009021
40,50,1,1,1,25ms,1678509009275,1678509069283
40,50,1,1,1,50ms,1678509069560,1678509129561
40,50,1,1,2,1ms,1678509129824,1678509189834
40,50,1,1,2,25ms,1678509190089,1678509250096
40,50,1,1,2,50ms,1678509250359,1678509310362
40,50,1,1,5,1ms,1678509310598,1678509370604
40,50,1,1,5,25ms,1678509370858,1678509430861
40,50,1,1,5,50ms,1678509431125,1678509491125
40,50,1,50,1,1ms,1678509491593,1678509551601
40,50,1,50,1,25ms,1678509551864,1678509611870
40,50,1,50,1,50ms,1678509612126,1678509672134
40,50,1,50,2,1ms,1678509672398,1678509732400
40,50,1,50,2,25ms,1678509732654,1678509792662
40,50,1,50,2,50ms,1678509792921,1678509852924
40,50,1,50,5,1ms,1678509853190,1678509913197
40,50,1,50,5,25ms,1678509913452,1678509973461
40,50,1,50,5,50ms,1678509973714,1678510033723
40,50,1,1000,1,1ms,1678510034197,1678510094205
40,50,1,1000,1,25ms,1678510094465,1678510154474
40,50,1,1000,1,50ms,1678510154725,1678510214729
40,50,1,1000,2,1ms,1678510214982,1678510274989
40,50,1,1000,2,25ms,1678510275253,1678510335253
40,50,1,1000,2,50ms,1678510335508,1678510395513
40,50,1,1000,5,1ms,1678510395766,1678510455770
40,50,1,1000,5,25ms,1678510456022,1678510516023
40,50,1,1000,5,50ms,1678510516282,1678510576287
40,50,50,1,1,1ms,1678510577012,1678510637002
40,50,50,1,1,25ms,1678510637274,1678510697271
40,50,50,1,1,50ms,1678510697533,1678510757538
40,50,50,1,2,1ms,1678510757796,1678510817802
40,50,50,1,2,25ms,1678510818054,1678510878062
40,50,50,1,2,50ms,1678510878306,1678510938304
40,50,50,1,5,1ms,1678510938568,1678510998573
40,50,50,1,5,25ms,1678510998821,1678511058822
40,50,50,1,5,50ms,1678511059059,1678511119064
40,50,50,50,1,1ms,1678511119550,1678511179552
40,50,50,50,1,25ms,1678511179812,1678511239820
40,50,50,50,1,50ms,1678511240069,1678511300074
40,50,50,50,2,1ms,1678511300354,1678511360353
40,50,50,50,2,25ms,1678511360601,1678511420608
40,50,50,50,2,50ms,1678511420849,1678511480850
40,50,50,50,5,1ms,1678511481109,1678511541109
40,50,50,50,5,25ms,1678511541376,1678511601384
40,50,50,50,5,50ms,1678511601638,1678511661643
40,50,50,1000,1,1ms,1678511662146,1678511722149
40,50,50,1000,1,25ms,1678511722398,1678511782405
40,50,50,1000,1,50ms,1678511782667,1678511842666
40,50,50,1000,2,1ms,1678511842909,1678511902906
40,50,50,1000,2,25ms,1678511903161,1678511963168
40,50,50,1000,2,50ms,1678511963441,1678512023441
40,50,50,1000,5,1ms,1678512023695,1678512083699
40,50,50,1000,5,25ms,1678512083957,1678512143963
40,50,50,1000,5,50ms,1678512144211,1678512204215
40,50,1000,1,1,1ms,1678512204907,1678512264912
40,50,1000,1,1,25ms,1678512265176,1678512325182
40,50,1000,1,1,50ms,1678512325462,1678512385467
40,50,1000,1,2,1ms,1678512385726,1678512445730
40,50,1000,1,2,25ms,1678512445978,1678512505986
40,50,1000,1,2,50ms,1678512506253,1678512566261
40,50,1000,1,5,1ms,1678512566522,1678512626527
40,50,1000,1,5,25ms,1678512626782,1678512686788
40,50,1000,1,5,50ms,1678512687055,1678512747062
40,50,1000,50,1,1ms,1678512747557,1678512807562
40,50,1000,50,1,25ms,1678512807829,1678512867831
40,50,1000,50,1,50ms,1678512868097,1678512928099
40,50,1000,50,2,1ms,1678512928383,1678512988392
40,50,1000,50,2,25ms,1678512988639,1678513048664
40,50,1000,50,2,50ms,1678513048917,1678513108927
40,50,1000,50,5,1ms,1678513109186,1678513169187
40,50,1000,50,5,25ms,1678513169447,1678513229452
40,50,1000,50,5,50ms,1678513230237,1678513290246
40,50,1000,1000,1,1ms,1678513290725,1678513350729
40,50,1000,1000,1,25ms,1678513350979,1678513410979
40,50,1000,1000,1,50ms,1678513411249,1678513471249
40,50,1000,1000,2,1ms,1678513471523,1678513531527
40,50,1000,1000,2,25ms,1678513532407,1678513592415
40,50,1000,1000,2,50ms,1678513592668,1678513652670
40,50,1000,1000,5,1ms,1678513652922,1678513712925
40,50,1000,1000,5,25ms,1678513713198,1678513773198
40,50,1000,1000,5,50ms,1678513773475,1678513833474
40,1000,1,1,1,1ms,1678513834435,1678513894438
40,1000,1,1,1,25ms,1678513894698,1678513954704
40,1000,1,1,1,50ms,1678513954968,1678514014977
40,1000,1,1,2,1ms,1678514015212,1678514075213
40,1000,1,1,2,25ms,1678514075504,1678514135512
40,1000,1,1,2,50ms,1678514135790,1678514195797
40,1000,1,1,5,1ms,1678514196069,1678514256074
40,1000,1,1,5,25ms,1678514256330,1678514316330
40,1000,1,1,5,50ms,1678514316595,1678514376597
40,1000,1,50,1,1ms,1678514377090,1678514437094
40,1000,1,50,1,25ms,1678514437352,1678514497357
40,1000,1,50,1,50ms,1678514497626,1678514557631
40,1000,1,50,2,1ms,1678514557884,1678514617892
40,1000,1,50,2,25ms,1678514618151,1678514678159
40,1000,1,50,2,50ms,1678514678410,1678514738417
40,1000,1,50,5,1ms,1678514738674,1678514798672
40,1000,1,50,5,25ms,1678514798929,1678514858930
40,1000,1,50,5,50ms,1678514859192,1678514919201
40,1000,1,1000,1,1ms,1678514919706,1678514979711
40,1000,1,1000,1,25ms,1678514979963,1678515039968
40,1000,1,1000,1,50ms,1678515040227,1678515100234
40,1000,1,1000,2,1ms,1678515100491,1678515160500
40,1000,1,1000,2,25ms,1678515160767,1678515220775
40,1000,1,1000,2,50ms,1678515221037,1678515281041
40,1000,1,1000,5,1ms,1678515281309,1678515341313
40,1000,1,1000,5,25ms,1678515341567,1678515401565
40,1000,1,1000,5,50ms,1678515401824,1678515461846
40,1000,50,1,1,1ms,1678515462591,1678515522603
40,1000,50,1,1,25ms,1678515522867,1678515582870
40,1000,50,1,1,50ms,1678515583129,1678515643131
40,1000,50,1,2,1ms,1678515643382,1678515703389
40,1000,50,1,2,25ms,1678515703635,1678515763642
40,1000,50,1,2,50ms,1678515763865,1678515823869
40,1000,50,1,5,1ms,1678515824116,1678515884122
40,1000,50,1,5,25ms,1678515884389,1678515944392
40,1000,50,1,5,50ms,1678515944667,1678516004671
40,1000,50,50,1,1ms,1678516005198,1678516065204
40,1000,50,50,1,25ms,1678516065450,1678516125459
40,1000,50,50,1,50ms,1678516125713,1678516185717
40,1000,50,50,2,1ms,1678516185962,1678516245970
40,1000,50,50,2,25ms,1678516246225,1678516306234
40,1000,50,50,2,50ms,1678516306494,1678516366503
40,1000,50,50,5,1ms,1678516366769,1678516426771
40,1000,50,50,5,25ms,1678516427043,1678516487051
40,1000,50,50,5,50ms,1678516487314,1678516547316
40,1000,50,1000,1,1ms,1678516547808,1678516607813
40,1000,50,1000,1,25ms,1678516608070,1678516668082
40,1000,50,1000,1,50ms,1678516668333,1678516728352
40,1000,50,1000,2,1ms,1678516728619,1678516788619
40,1000,50,1000,2,25ms,1678516788867,1678516848873
40,1000,50,1000,2,50ms,1678516849140,1678516909148
40,1000,50,1000,5,1ms,1678516909412,1678516969421
40,1000,50,1000,5,25ms,1678516969666,1678517029669
40,1000,50,1000,5,50ms,1678517029929,1678517089935
40,1000,1000,1,1,1ms,1678517090654,1678517150658
40,1000,1000,1,1,25ms,1678517150909,1678517210919
40,1000,1000,1,1,50ms,1678517211183,1678517271192
40,1000,1000,1,2,1ms,1678517271454,1678517331454
40,1000,1000,1,2,25ms,1678517331729,1678517391736
40,1000,1000,1,2,50ms,1678517392006,1678517452009
40,1000,1000,1,5,1ms,1678517452264,1678517512266
40,1000,1000,1,5,25ms,1678517512524,1678517572527
40,1000,1000,1,5,50ms,1678517572777,1678517632777
40,1000,1000,50,1,1ms,1678517633256,1678517693260
40,1000,1000,50,1,25ms,1678517693525,1678517753532
40,1000,1000,50,1,50ms,1678517753793,1678517813802
40,1000,1000,50,2,1ms,1678517814067,1678517874062
40,1000,1000,50,2,25ms,1678517874338,1678517934335
40,1000,1000,50,2,50ms,1678517934587,1678517994595
40,1000,1000,50,5,1ms,1678517994864,1678518054873
40,1000,1000,50,5,25ms,1678518055127,1678518115135
40,1000,1000,50,5,50ms,1678518115399,1678518175403
40,1000,1000,1000,1,1ms,1678518175898,1678518235900
40,1000,1000,1000,1,25ms,1678518236161,1678518296169
40,1000,1000,1000,1,50ms,1678518296438,1678518356445
40,1000,1000,1000,2,1ms,1678518356721,1678518416725
40,1000,1000,1000,2,25ms,1678518416979,1678518476978
40,1000,1000,1000,2,50ms,1678518477250,1678518537258
40,1000,1000,1000,5,1ms,1678518537508,1678518597511
40,1000,1000,1000,5,25ms,1678518597776,1678518657784
40,1000,1000,1000,5,50ms,1678518658039,1678518718048
70,1,1,1,1,1ms,1678518719277,1678518779286
70,1,1,1,1,25ms,1678518779551,1678518839554
70,1,1,1,1,50ms,1678518839810,1678518899818
70,1,1,1,2,1ms,1678518900066,1678518960074
70,1,1,1,2,25ms,1678518960327,1678519020326
70,1,1,1,2,50ms,1678519020575,1678519080577
70,1,1,1,5,1ms,1678519080833,1678519140838
70,1,1,1,5,25ms,1678519141090,1678519201091
70,1,1,1,5,50ms,1678519201358,1678519261365
70,1,1,50,1,1ms,1678519261863,1678519321869
70,1,1,50,1,25ms,1678519322124,1678519382130
70,1,1,50,1,50ms,1678519382391,1678519442398
70,1,1,50,2,1ms,1678519442657,1678519502657
70,1,1,50,2,25ms,1678519502900,1678519562906
70,1,1,50,2,50ms,1678519563170,1678519623175
70,1,1,50,5,1ms,1678519623433,1678519683442
70,1,1,50,5,25ms,1678519683709,1678519743708
70,1,1,50,5,50ms,1678519743952,1678519803950
70,1,1,1000,1,1ms,1678519804447,1678519864450
70,1,1,1000,1,25ms,1678519864699,1678519924698
70,1,1,1000,1,50ms,1678519924956,1678519984964
70,1,1,1000,2,1ms,1678519985223,1678520045226
70,1,1,1000,2,25ms,1678520045491,1678520105492
70,1,1,1000,2,50ms,1678520105762,1678520165764
70,1,1,1000,5,1ms,1678520166017,1678520226025
70,1,1,1000,5,25ms,1678520226277,1678520286314
70,1,1,1000,5,50ms,1678520286574,1678520346584
70,1,50,1,1,1ms,1678520347315,1678520407318
70,1,50,1,1,25ms,1678520407563,1678520467566
70,1,50,1,1,50ms,1678520467819,1678520527828
70,1,50,1,2,1ms,1678520528084,1678520588089
70,1,50,1,2,25ms,1678520588333,1678520648336
70,1,50,1,2,50ms,1678520648592,1678520708601
70,1,50,1,5,1ms,1678520708852,1678520768857
70,1,50,1,5,25ms,1678520769106,1678520829110
70,1,50,1,5,50ms,1678520829352,1678520889361
70,1,50,50,1,1ms,1678520889865,1678520949869
70,1,50,50,1,25ms,1678520950128,1678521010137
70,1,50,50,1,50ms,1678521010383,1678521070389
70,1,50,50,2,1ms,1678521070642,1678521130649
70,1,50,50,2,25ms,1678521130893,1678521190900
70,1,50,50,2,50ms,1678521191154,1678521251160
70,1,50,50,5,1ms,1678521251411,1678521311417
70,1,50,50,5,25ms,1678521311667,1678521371670
70,1,50,50,5,50ms,1678521371929,1678521431931
70,1,50,1000,1,1ms,1678521432432,1678521492419
70,1,50,1000,1,25ms,1678521492673,1678521552670
70,1,50,1000,1,50ms,1678521552919,1678521612925
70,1,50,1000,2,1ms,1678521613194,1678521673199
70,1,50,1000,2,25ms,1678521673452,1678521733457
70,1,50,1000,2,50ms,1678521733698,1678521793700
70,1,50,1000,5,1ms,1678521793934,1678521853942
70,1,50,1000,5,25ms,1678521854196,1678521914198
70,1,50,1000,5,50ms,1678521914462,1678521974465
70,1,1000,1,1,1ms,1678521975194,1678522035202
70,1,1000,1,1,25ms,1678522035455,1678522095462
70,1,1000,1,1,50ms,1678522095725,1678522155726
70,1,1000,1,2,1ms,1678522155992,1678522216000
70,1,1000,1,2,25ms,1678522216261,1678522276260
70,1,1000,1,2,50ms,1678522276517,1678522336523
70,1,1000,1,5,1ms,1678522336782,1678522396784
70,1,1000,1,5,25ms,1678522397043,1678522457049
70,1,1000,1,5,50ms,1678522457322,1678522517327
70,1,1000,50,1,1ms,1678522517821,1678522577823
70,1,1000,50,1,25ms,1678522578078,1678522638082
70,1,1000,50,1,50ms,1678522638333,1678522698327
70,1,1000,50,2,1ms,1678522698575,1678522758580
70,1,1000,50,2,25ms,1678522758828,1678522818827
70,1,1000,50,2,50ms,1678522819070,1678522879074
70,1,1000,50,5,1ms,1678522879331,1678522939339
70,1,1000,50,5,25ms,1678522939584,1678522999589
70,1,1000,50,5,50ms,1678522999848,1678523059849
70,1,1000,1000,1,1ms,1678523060343,1678523120348
70,1,1000,1000,1,25ms,1678523120602,1678523180606
70,1,1000,1000,1,50ms,1678523180871,1678523240879
70,1,1000,1000,2,1ms,1678523241143,1678523301142
70,1,1000,1000,2,25ms,1678523301396,1678523361404
70,1,1000,1000,2,50ms,1678523361661,1678523421663
70,1,1000,1000,5,1ms,1678523421917,1678523481922
70,1,1000,1000,5,25ms,1678523482171,1678523542174
70,1,1000,1000,5,50ms,1678523542450,1678523602449
70,50,1,1,1,1ms,1678523603421,1678523663425
70,50,1,1,1,25ms,1678523663686,1678523723691
70,50,1,1,1,50ms,1678523723929,1678523783938
70,50,1,1,2,1ms,1678523784202,1678523844203
70,50,1,1,2,25ms,1678523844460,1678523904453
70,50,1,1,2,50ms,1678523904707,1678523964713
70,50,1,1,5,1ms,1678523964971,1678524024971
70,50,1,1,5,25ms,1678524025236,1678524085244
70,50,1,1,5,50ms,1678524085490,1678524145493
70,50,1,50,1,1ms,1678524145984,1678524205983
70,50,1,50,1,25ms,1678524206239,1678524266248
70,50,1,50,1,50ms,1678524266502,1678524326505
70,50,1,50,2,1ms,1678524326772,1678524386773
70,50,1,50,2,25ms,1678524387046,1678524447054
70,50,1,50,2,50ms,1678524447305,1678524507313
70,50,1,50,5,1ms,1678524507580,1678524567580
70,50,1,50,5,25ms,1678524567831,1678524627834
70,50,1,50,5,50ms,1678524628099,1678524688105
70,50,1,1000,1,1ms,1678524688593,1678524748600
70,50,1,1000,1,25ms,1678524748838,1678524808838
70,50,1,1000,1,50ms,1678524809082,1678524869084
70,50,1,1000,2,1ms,1678524869360,1678524929362
70,50,1,1000,2,25ms,1678524929626,1678524989626
70,50,1,1000,2,50ms,1678524989927,1678525049926
70,50,1,1000,5,1ms,1678525050178,1678525110187
70,50,1,1000,5,25ms,1678525110426,1678525170424
70,50,1,1000,5,50ms,1678525170669,1678525230677
70,50,50,1,1,1ms,1678525231403,1678525291407
70,50,50,1,1,25ms,1678525291669,1678525351672
70,50,50,1,1,50ms,1678525351912,1678525411912
70,50,50,1,2,1ms,1678525412161,1678525472167
70,50,50,1,2,25ms,1678525472426,1678525532434
70,50,50,1,2,50ms,1678525532695,1678525592698
70,50,50,1,5,1ms,1678525592969,1678525652975
70,50,50,1,5,25ms,1678525653237,1678525713244
70,50,50,1,5,50ms,1678525713501,1678525773509
70,50,50,50,1,1ms,1678525773985,1678525833988
70,50,50,50,1,25ms,1678525834249,1678525894252
70,50,50,50,1,50ms,1678525894515,1678525954518
70,50,50,50,2,1ms,1678525954768,1678526014770
70,50,50,50,2,25ms,1678526015016,1678526075022
70,50,50,50,2,50ms,1678526075268,1678526135276
70,50,50,50,5,1ms,1678526135548,1678526195552
70,50,50,50,5,25ms,1678526195809,1678526255811
70,50,50,50,5,50ms,1678526256075,1678526316087
70,50,50,1000,1,1ms,1678526316593,1678526376602
70,50,50,1000,1,25ms,1678526376868,1678526436876
70,50,50,1000,1,50ms,1678526437143,1678526497149
70,50,50,1000,2,1ms,1678526497402,1678526557402
70,50,50,1000,2,25ms,1678526557670,1678526617669
70,50,50,1000,2,50ms,1678526617931,1678526677939
70,50,50,1000,5,1ms,1678526678207,1678526738210
70,50,50,1000,5,25ms,1678526738497,1678526798497
70,50,50,1000,5,50ms,1678526798777,1678526858786
70,50,1000,1,1,1ms,1678526859519,1678526919523
70,50,1000,1,1,25ms,1678526919765,1678526979773
70,50,1000,1,1,50ms,1678526980049,1678527040048
70,50,1000,1,2,1ms,1678527040304,1678527100303
70,50,1000,1,2,25ms,1678527100549,1678527160554
70,50,1000,1,2,50ms,1678527160813,1678527220819
70,50,1000,1,5,1ms,1678527221075,1678527281084
70,50,1000,1,5,25ms,1678527281346,1678527341352
70,50,1000,1,5,50ms,1678527341605,1678527401614
70,50,1000,50,1,1ms,1678527402111,1678527462119
70,50,1000,50,1,25ms,1678527462377,1678527522408
70,50,1000,50,1,50ms,1678527522665,1678527582674
70,50,1000,50,2,1ms,1678527582930,1678527642931
70,50,1000,50,2,25ms,1678527643174,1678527703174
70,50,1000,50,2,50ms,1678527703423,1678527763426
70,50,1000,50,5,1ms,1678527763676,1678527823682
70,50,1000,50,5,25ms,1678527823919,1678527883923
70,50,1000,50,5,50ms,1678527884186,1678527944192
70,50,1000,1000,1,1ms,1678527944686,1678528004686
70,50,1000,1000,1,25ms,1678528004943,1678528064947
70,50,1000,1000,1,50ms,1678528065199,1678528125198
70,50,1000,1000,2,1ms,1678528125452,1678528185454
70,50,1000,1000,2,25ms,1678528185717,1678528245726
70,50,1000,1000,2,50ms,1678528245985,1678528305988
70,50,1000,1000,5,1ms,1678528306237,1678528366236
70,50,1000,1000,5,25ms,1678528366487,1678528426492
70,50,1000,1000,5,50ms,1678528426758,1678528486768
70,1000,1,1,1,1ms,1678528487760,1678528547764
70,1000,1,1,1,25ms,1678528548022,1678528608022
70,1000,1,1,1,50ms,1678528608300,1678528668303
70,1000,1,1,2,1ms,1678528668573,1678528728570
70,1000,1,1,2,25ms,1678528728820,1678528788825
70,1000,1,1,2,50ms,1678528789065,1678528849064
70,1000,1,1,5,1ms,1678528849324,1678528909326
70,1000,1,1,5,25ms,1678528909575,1678528969579
70,1000,1,1,5,50ms,1678528969852,1678529029852
70,1000,1,50,1,1ms,1678529030347,1678529090348
70,1000,1,50,1,25ms,1678529090597,1678529150606
70,1000,1,50,1,50ms,1678529150861,1678529210860
70,1000,1,50,2,1ms,1678529211125,1678529271127
70,1000,1,50,2,25ms,1678529271383,1678529331392
70,1000,1,50,2,50ms,1678529331654,1678529391662
70,1000,1,50,5,1ms,1678529391927,1678529451933
70,1000,1,50,5,25ms,1678529452188,1678529512192
70,1000,1,50,5,50ms,1678529512456,1678529572463
70,1000,1,1000,1,1ms,1678529572945,1678529632946
70,1000,1,1000,1,25ms,1678529633210,1678529693213
70,1000,1,1000,1,50ms,1678529693477,1678529753484
70,1000,1,1000,2,1ms,1678529753726,1678529813733
70,1000,1,1000,2,25ms,1678529813974,1678529873979
70,1000,1,1000,2,50ms,1678529874246,1678529934256
70,1000,1,1000,5,1ms,1678529934524,1678529994534
70,1000,1,1000,5,25ms,1678529994789,1678530054797
70,1000,1,1000,5,50ms,1678530055056,1678530115063
70,1000,50,1,1,1ms,1678530115765,1678530175769
70,1000,50,1,1,25ms,1678530176014,1678530236015
70,1000,50,1,1,50ms,1678530236276,1678530296284
70,1000,50,1,2,1ms,1678530296547,1678530356548
70,1000,50,1,2,25ms,1678530356822,1678530416825
70,1000,50,1,2,50ms,1678530417093,1678530477101
70,1000,50,1,5,1ms,1678530477361,1678530537361
70,1000,50,1,5,25ms,1678530537626,1678530597635
70,1000,50,1,5,50ms,1678530597894,1678530657895
70,1000,50,50,1,1ms,1678530658387,1678530718388
70,1000,50,50,1,25ms,1678530718648,1678530778657
70,1000,50,50,1,50ms,1678530778907,1678530838907
70,1000,50,50,2,1ms,1678530839150,1678530899156
70,1000,50,50,2,25ms,1678530899442,1678530959448
70,1000,50,50,2,50ms,1678530959713,1678531019722
70,1000,50,50,5,1ms,1678531019976,1678531079984
70,1000,50,50,5,25ms,1678531080246,1678531140245
70,1000,50,50,5,50ms,1678531140499,1678531200504
70,1000,50,1000,1,1ms,1678531200986,1678531260995
70,1000,50,1000,1,25ms,1678531261261,1678531321266
70,1000,50,1000,1,50ms,1678531321514,1678531381515
70,1000,50,1000,2,1ms,1678531381788,1678531441797
70,1000,50,1000,2,25ms,1678531442071,1678531502072
70,1000,50,1000,2,50ms,1678531502330,1678531562333
70,1000,50,1000,5,1ms,1678531562598,1678531622606
70,1000,50,1000,5,25ms,1678531622866,1678531682872
70,1000,50,1000,5,50ms,1678531683132,1678531743140
70,1000,1000,1,1,1ms,1678531743855,1678531803863
70,1000,1000,1,1,25ms,1678531804120,1678531864120
70,1000,1000,1,1,50ms,1678531864383,1678531924387
70,1000,1000,1,2,1ms,1678531924647,1678531984656
70,1000,1000,1,2,25ms,1678531984893,1678532044894
70,1000,1000,1,2,50ms,1678532045140,1678532105141
70,1000,1000,1,5,1ms,1678532105406,1678532165410
70,1000,1000,1,5,25ms,1678532165683,1678532225686
70,1000,1000,1,5,50ms,1678532225955,1678532285958
70,1000,1000,50,1,1ms,1678532286441,1678532346437
70,1000,1000,50,1,25ms,1678532346694,1678532406694
70,1000,1000,50,1,50ms,1678532406954,1678532466953
70,1000,1000,50,2,1ms,1678532467724,1678532527725
70,1000,1000,50,2,25ms,1678532527975,1678532587975
70,1000,1000,50,2,50ms,1678532588224,1678532648226
70,1000,1000,50,5,1ms,1678532648507,1678532708507
70,1000,1000,50,5,25ms,1678532708743,1678532768749
70,1000,1000,50,5,50ms,1678532769619,1678532829626
70,1000,1000,1000,1,1ms,1678532830124,1678532890128
70,1000,1000,1000,1,25ms,1678532890404,1678532950410
70,1000,1000,1000,1,50ms,1678532950660,1678533010659
70,1000,1000,1000,2,1ms,1678533010889,1678533070891
70,1000,1000,1000,2,25ms,1678533071148,1678533131147
70,1000,1000,1000,2,50ms,1678533131423,1678533191427
70,1000,1000,1000,5,1ms,1678533191685,1678533251685
70,1000,1000,1000,5,25ms,1678533251940,1678533311949
70,1000,1000,1000,5,50ms,1678533312214,1678533372223
100,1,1,1,1,1ms,1678533373455,1678533433464
100,1,1,1,1,25ms,1678533433706,1678533493713
100,1,1,1,1,50ms,1678533493958,1678533553985
100,1,1,1,2,1ms,1678533554241,1678533614242
100,1,1,1,2,25ms,1678533614507,1678533674515
100,1,1,1,2,50ms,1678533674763,1678533734766
100,1,1,1,5,1ms,1678533735036,1678533795036
100,1,1,1,5,25ms,1678533795301,1678533855306
100,1,1,1,5,50ms,1678533855588,1678533915592
100,1,1,50,1,1ms,1678533916083,1678533976084
100,1,1,50,1,25ms,1678533976344,1678534036349
100,1,1,50,1,50ms,1678534036632,1678534096636
100,1,1,50,2,1ms,1678534096891,1678534156892
100,1,1,50,2,25ms,1678534157160,1678534217161
100,1,1,50,2,50ms,1678534217441,1678534277442
100,1,1,50,5,1ms,1678534277715,1678534337716
100,1,1,50,5,25ms,1678534337980,1678534397984
100,1,1,50,5,50ms,1678534398262,1678534458265
100,1,1,1000,1,1ms,1678534458773,1678534518777
100,1,1,1000,1,25ms,1678534519018,1678534579022
100,1,1,1000,1,50ms,1678534579263,1678534639267
100,1,1,1000,2,1ms,1678534639509,1678534699509
100,1,1,1000,2,25ms,1678534699765,1678534759753
100,1,1,1000,2,50ms,1678534760015,1678534820019
100,1,1,1000,5,1ms,1678534820282,1678534880284
100,1,1,1000,5,25ms,1678534880518,1678534940519
100,1,1,1000,5,50ms,1678534940783,1678535000788
100,1,50,1,1,1ms,1678535001528,1678535061531
100,1,50,1,1,25ms,1678535061824,1678535121824
100,1,50,1,1,50ms,1678535122107,1678535182105
100,1,50,1,2,1ms,1678535182368,1678535242370
100,1,50,1,2,25ms,1678535242617,1678535302621
100,1,50,1,2,50ms,1678535302901,1678535362904
100,1,50,1,5,1ms,1678535363156,1678535423155
100,1,50,1,5,25ms,1678535423422,1678535483422
100,1,50,1,5,50ms,1678535483671,1678535543674
100,1,50,50,1,1ms,1678535544138,1678535604142
100,1,50,50,1,25ms,1678535604394,1678535664393
100,1,50,50,1,50ms,1678535664719,1678535724723
100,1,50,50,2,1ms,1678535724955,1678535784959
100,1,50,50,2,25ms,1678535785248,1678535845252
100,1,50,50,2,50ms,1678535845509,1678535905509
100,1,50,50,5,1ms,1678535905768,1678535965767
100,1,50,50,5,25ms,1678535966015,1678536026036
100,1,50,50,5,50ms,1678536026274,1678536086279
100,1,50,1000,1,1ms,1678536086796,1678536146799
100,1,50,1000,1,25ms,1678536147076,1678536207078
100,1,50,1000,1,50ms,1678536207355,1678536267356
100,1,50,1000,2,1ms,1678536267632,1678536327636
100,1,50,1000,2,25ms,1678536327887,1678536387889
100,1,50,1000,2,50ms,1678536388155,1678536448159
100,1,50,1000,5,1ms,1678536448445,1678536508444
100,1,50,1000,5,25ms,1678536508690,1678536568695
100,1,50,1000,5,50ms,1678536568930,1678536628935
100,1,1000,1,1,1ms,1678536629668,1678536689669
100,1,1000,1,1,25ms,1678536689911,1678536749916
100,1,1000,1,1,50ms,1678536750192,1678536810193
100,1,1000,1,2,1ms,1678536810442,1678536870446
100,1,1000,1,2,25ms,1678536870706,1678536930706
100,1,1000,1,2,50ms,1678536930950,1678536990955
100,1,1000,1,5,1ms,1678536991237,1678537051237
100,1,1000,1,5,25ms,1678537051494,1678537111499
100,1,1000,1,5,50ms,1678537111764,1678537171768
100,1,1000,50,1,1ms,1678537172238,1678537232265
100,1,1000,50,1,25ms,1678537232535,1678537292536
100,1,1000,50,1,50ms,1678537292790,1678537352791
100,1,1000,50,2,1ms,1678537353034,1678537413034
100,1,1000,50,2,25ms,1678537413270,1678537473275
100,1,1000,50,2,50ms,1678537473538,1678537533538
100,1,1000,50,5,1ms,1678537533775,1678537593780
100,1,1000,50,5,25ms,1678537594044,1678537654044
100,1,1000,50,5,50ms,1678537654307,1678537714311
100,1,1000,1000,1,1ms,1678537714802,1678537774802
100,1,1000,1000,1,25ms,1678537775071,1678537835073
100,1,1000,1000,1,50ms,1678537835326,1678537895331
100,1,1000,1000,2,1ms,1678537895590,1678537955593
100,1,1000,1000,2,25ms,1678537955858,1678538015863
100,1,1000,1000,2,50ms,1678538016125,1678538076127
100,1,1000,1000,5,1ms,1678538076391,1678538136396
100,1,1000,1000,5,25ms,1678538136640,1678538196645
100,1,1000,1000,5,50ms,1678538196907,1678538256910
100,50,1,1,1,1ms,1678538257930,1678538317935
100,50,1,1,1,25ms,1678538318218,1678538378203
100,50,1,1,1,50ms,1678538378452,1678538438438
100,50,1,1,2,1ms,1678538438701,1678538498701
100,50,1,1,2,25ms,1678538498968,1678538558967
100,50,1,1,2,50ms,1678538559225,1678538619227
100,50,1,1,5,1ms,1678538619465,1678538679466
100,50,1,1,5,25ms,1678538679738,1678538739742
100,50,1,1,5,50ms,1678538739997,1678538800002
100,50,1,50,1,1ms,1678538800519,1678538860523
100,50,1,50,1,25ms,1678538860779,1678538920782
100,50,1,50,1,50ms,1678538921049,1678538981048
100,50,1,50,2,1ms,1678538981314,1678539041319
100,50,1,50,2,25ms,1678539041582,1678539101586
100,50,1,50,2,50ms,1678539101877,1678539161879
100,50,1,50,5,1ms,1678539162142,1678539222146
100,50,1,50,5,25ms,1678539222426,1678539282428
100,50,1,50,5,50ms,1678539282699,1678539342699
100,50,1,1000,1,1ms,1678539343256,1678539403256
100,50,1,1000,1,25ms,1678539403568,1678539463571
100,50,1,1000,1,50ms,1678539463831,1678539523835
100,50,1,1000,2,1ms,1678539524101,1678539584114
100,50,1,1000,2,25ms,1678539584462,1678539644464
100,50,1,1000,2,50ms,1678539644754,1678539704754
100,50,1,1000,5,1ms,1678539705020,1678539765024
100,50,1,1000,5,25ms,1678539765302,1678539825304
100,50,1,1000,5,50ms,1678539825559,1678539885564
100,50,50,1,1,1ms,1678539886291,1678539946292
100,50,50,1,1,25ms,1678539946545,1678540006548
100,50,50,1,1,50ms,1678540006822,1678540066823
100,50,50,1,2,1ms,1678540067085,1678540127088
100,50,50,1,2,25ms,1678540127342,1678540187351
100,50,50,1,2,50ms,1678540187620,1678540247627
100,50,50,1,5,1ms,1678540247871,1678540307875
100,50,50,1,5,25ms,1678540308151,1678540368156
100,50,50,1,5,50ms,1678540368422,1678540428427
100,50,50,50,1,1ms,1678540428938,1678540488940
100,50,50,50,1,25ms,1678540489209,1678540549217
100,50,50,50,1,50ms,1678540549478,1678540609486
100,50,50,50,2,1ms,1678540609730,1678540669737
100,50,50,50,2,25ms,1678540669981,1678540729989
100,50,50,50,2,50ms,1678540730264,1678540790247
100,50,50,50,5,1ms,1678540790513,1678540850519
100,50,50,50,5,25ms,1678540850793,1678540910792
100,50,50,50,5,50ms,1678540911049,1678540971049
100,50,50,1000,1,1ms,1678540971545,1678541031548
100,50,50,1000,1,25ms,1678541031824,1678541091828
100,50,50,1000,1,50ms,1678541092074,1678541152078
100,50,50,1000,2,1ms,1678541152376,1678541212385
100,50,50,1000,2,25ms,1678541212655,1678541272664
100,50,50,1000,2,50ms,1678541272913,1678541332918
100,50,50,1000,5,1ms,1678541333188,1678541393191
100,50,50,1000,5,25ms,1678541393438,1678541453443
100,50,50,1000,5,50ms,1678541453707,1678541513716
100,50,1000,1,1,1ms,1678541514450,1678541574455
100,50,1000,1,1,25ms,1678541574724,1678541634726
100,50,1000,1,1,50ms,1678541634981,1678541694985
100,50,1000,1,2,1ms,1678541695266,1678541755268
100,50,1000,1,2,25ms,1678541755523,1678541815524
100,50,1000,1,2,50ms,1678541815782,1678541875784
100,50,1000,1,5,1ms,1678541876053,1678541936061
100,50,1000,1,5,25ms,1678541936329,1678541996321
100,50,1000,1,5,50ms,1678541996616,1678542056614
100,50,1000,50,1,1ms,1678542057124,1678542117129
100,50,1000,50,1,25ms,1678542117402,1678542177405
100,50,1000,50,1,50ms,1678542177672,1678542237681
100,50,1000,50,2,1ms,1678542237947,1678542297951
100,50,1000,50,2,25ms,1678542298219,1678542358220
100,50,1000,50,2,50ms,1678542358501,1678542418506
100,50,1000,50,5,1ms,1678542418751,1678542478758
100,50,1000,50,5,25ms,1678542479018,1678542539018
100,50,1000,50,5,50ms,1678542539285,1678542599293
100,50,1000,1000,1,1ms,1678542599772,1678542659774
100,50,1000,1000,1,25ms,1678542660030,1678542720035
100,50,1000,1000,1,50ms,1678542720306,1678542780305
100,50,1000,1000,2,1ms,1678542780529,1678542840537
100,50,1000,1000,2,25ms,1678542840790,1678542900793
100,50,1000,1000,2,50ms,1678542901054,1678542961063
100,50,1000,1000,5,1ms,1678542961338,1678543021347
100,50,1000,1000,5,25ms,1678543021639,1678543081647
100,50,1000,1000,5,50ms,1678543081903,1678543141907
100,1000,1,1,1,1ms,1678543142890,1678543202920
100,1000,1,1,1,25ms,1678543203210,1678543263217
100,1000,1,1,1,50ms,1678543263504,1678543323511
100,1000,1,1,2,1ms,1678543323763,1678543383772
100,1000,1,1,2,25ms,1678543384020,1678543444027
100,1000,1,1,2,50ms,1678543444290,1678543504298
100,1000,1,1,5,1ms,1678543504574,1678543564576
100,1000,1,1,5,25ms,1678543564833,1678543624842
100,1000,1,1,5,50ms,1678543625114,1678543685119
100,1000,1,50,1,1ms,1678543685648,1678543745653
100,1000,1,50,1,25ms,1678543745897,1678543805907
100,1000,1,50,1,50ms,1678543806180,1678543866189
100,1000,1,50,2,1ms,1678543866457,1678543926464
100,1000,1,50,2,25ms,1678543926730,1678543986739
100,1000,1,50,2,50ms,1678543986992,1678544046991
100,1000,1,50,5,1ms,1678544047244,1678544107253
100,1000,1,50,5,25ms,1678544107524,1678544167532
100,1000,1,50,5,50ms,1678544167786,1678544227792
100,1000,1,1000,1,1ms,1678544228300,1678544288303
100,1000,1,1000,1,25ms,1678544288562,1678544348569
100,1000,1,1000,1,50ms,1678544348814,1678544408809
100,1000,1,1000,2,1ms,1678544409080,1678544469088
100,1000,1,1000,2,25ms,1678544469338,1678544529347
100,1000,1,1000,2,50ms,1678544529603,1678544589611
100,1000,1,1000,5,1ms,1678544589897,1678544649904
100,1000,1,1000,5,25ms,1678544650164,1678544710170
100,1000,1,1000,5,50ms,1678544710435,1678544770441
100,1000,50,1,1,1ms,1678544771226,1678544831237
100,1000,50,1,1,25ms,1678544831498,1678544891503
100,1000,50,1,1,50ms,1678544891772,1678544951779
100,1000,50,1,2,1ms,1678544952064,1678545012069
100,1000,50,1,2,25ms,1678545012348,1678545072348
100,1000,50,1,2,50ms,1678545072627,1678545132629
100,1000,50,1,5,1ms,1678545132873,1678545192881
100,1000,50,1,5,25ms,1678545193129,1678545253138
100,1000,50,1,5,50ms,1678545253416,1678545313425
100,1000,50,50,1,1ms,1678545313913,1678545373919
100,1000,50,50,1,25ms,1678545374195,1678545434204
100,1000,50,50,1,50ms,1678545434469,1678545494472
100,1000,50,50,2,1ms,1678545494733,1678545554736
100,1000,50,50,2,25ms,1678545555005,1678545615020
100,1000,50,50,2,50ms,1678545615280,1678545675281
100,1000,50,50,5,1ms,1678545675549,1678545735552
100,1000,50,50,5,25ms,1678545735805,1678545795811
100,1000,50,50,5,50ms,1678545796097,1678545856105
100,1000,50,1000,1,1ms,1678545856601,1678545916606
100,1000,50,1000,1,25ms,1678545916874,1678545976881
100,1000,50,1000,1,50ms,1678545977153,1678546037162
100,1000,50,1000,2,1ms,1678546037427,1678546097431
100,1000,50,1000,2,25ms,1678546097704,1678546157713
100,1000,50,1000,2,50ms,1678546157980,1678546217979
100,1000,50,1000,5,1ms,1678546218234,1678546278243
100,1000,50,1000,5,25ms,1678546278527,1678546338532
100,1000,50,1000,5,50ms,1678546338781,1678546398790
100,1000,1000,1,1,1ms,1678546399523,1678546459522
100,1000,1000,1,1,25ms,1678546459782,1678546519789
100,1000,1000,1,1,50ms,1678546520060,1678546580059
100,1000,1000,1,2,1ms,1678546580330,1678546640333
100,1000,1000,1,2,25ms,1678546640593,1678546700599
100,1000,1000,1,2,50ms,1678546700863,1678546760866
100,1000,1000,1,5,1ms,1678546761151,1678546821146
100,1000,1000,1,5,25ms,1678546821418,1678546881426
100,1000,1000,1,5,50ms,1678546881695,1678546941703
100,1000,1000,50,1,1ms,1678546942210,1678547002210
100,1000,1000,50,1,25ms,1678547002492,1678547062495
100,1000,1000,50,1,50ms,1678547062804,1678547122806
100,1000,1000,50,2,1ms,1678547123089,1678547183097
100,1000,1000,50,2,25ms,1678547183355,1678547243364
100,1000,1000,50,2,50ms,1678547243633,1678547303638
100,1000,1000,50,5,1ms,1678547303875,1678547363879
100,1000,1000,50,5,25ms,1678547364137,1678547424143
100,1000,1000,50,5,50ms,1678547424410,1678547484411
100,1000,1000,1000,1,1ms,1678547484934,1678547544938
100,1000,1000,1000,1,25ms,1678547545183,1678547605189
100,1000,1000,1000,1,50ms,1678547605442,1678547665449
100,1000,1000,1000,2,1ms,1678547665735,1678547725740
100,1000,1000,1000,2,25ms,1678547725998,1678547786007
100,1000,1000,1000,2,50ms,1678547787023,1678547847032
100,1000,1000,1000,5,1ms,1678547847295,1678547907300
100,1000,1000,1000,5,25ms,1678547907584,1678547967589
100,1000,1000,1000,5,50ms,1678547967848,1678548027877
